model,accuracy,precision,recall,f1,auc
Random Forest Full Training Data,0.7081490511480625,0.355997121567353,0.5710455764075067,0.4385786802030457,0.7249474470175153
