{
  "Logistic Regression": 0.11999999999999997,
  "Random Forest": 0.13999999999999996,
  "XGBoost": 0.12499999999999997
}